{
  "timestamp": "20251031_072932",
  "data_info": {
    "original_features_count": 100,
    "compressed_dimensions": 8,
    "compression_ratio": 12.5,
    "training_samples": 7000,
    "validation_samples": 1500,
    "test_samples": 1500
  },
  "training_info": {
    "autoencoder_epochs": 500,
    "autoencoder_final_loss": 0.9083404541015625,
    "lightgbm_original_iterations": 0,
    "lightgbm_compressed_iterations": 0
  },
  "performance": {
    "original_features": {
      "mse": 0.887794294189156,
      "rmse": 0.9422283662622114,
      "mae": 0.7507569879941608,
      "r2": 0.12152439000668669,
      "predictions": "[1.40111583e-05 2.60713859e-04 2.66754177e-04 ... 3.62930168e-04\n 1.89110803e-01 8.68988953e-01]"
    },
    "compressed_features": {
      "mse": 1.0071273781887975,
      "rmse": 1.0035573616833258,
      "mae": 0.8004512976710902,
      "r2": 0.0034438791889039866,
      "predictions": "[0.05978513 0.02366716 0.06956877 ... 0.00896488 0.04255166 0.28521091]"
    },
    "performance_change": -0.1180805108177827,
    "performance_change_percent": -97.1661004110249
  },
  "model_info": {
    "device_used": "cuda:0",
    "cuda_available": true,
    "feature_names": [
      "momentum_1",
      "volatility_2",
      "mean_reversion_3",
      "trend_4",
      "volume_5",
      "liquidity_6",
      "sentiment_7",
      "momentum_8",
      "volatility_9",
      "mean_reversion_10"
    ]
  }
}