{
  "trend_favorable": {
    "baseline_n": 52,
    "baseline_r": 132.22102861625552,
    "new_n": 30,
    "new_r": -67.1779,
    "delta_r": -199.39892861625552,
    "verdict": "FAIL"
  },
  "death_months": {
    "baseline_n": 0,
    "baseline_r": 0.0,
    "new_n": 17,
    "new_r": 83.4349,
    "delta_r": 83.4349,
    "verdict": "PASS"
  },
  "small_sample": {
    "baseline_n": 5,
    "baseline_r": 485.24113352815345,
    "new_n": 17,
    "new_r": -5.306499999999987,
    "delta_r": -490.5476335281534,
    "verdict": "INFO"
  },
  "total": {
    "baseline_n": 171,
    "baseline_r": 754.9465683050844,
    "new_n": 64,
    "new_r": 10.950500000000014,
    "delta_r": -743.9960683050843
  },
  "_overall": "FAIL (trend_favorable)"
}