{
  "timestamp_start": "20251031_104036",
  "timestamp_end": "20251031_104717",
  "duration_sec": 401.684967,
  "data_info": {
    "original_features_count": 355,
    "compressed_dimensions": 32,
    "compression_ratio": 11.09375,
    "training_samples": 18344,
    "validation_samples": 3931,
    "test_samples": 3931
  },
  "training_info": {
    "autoencoder_epochs": 800,
    "autoencoder_final_loss": 0.3126060664653778,
    "lightgbm_original_iterations": 282,
    "lightgbm_compressed_iterations": 4
  },
  "performance": {
    "original_features": {
      "mse": 0.623380285987233,
      "rmse": 0.7895443534008922,
      "mae": 0.5301720066287252,
      "r2": 0.47723957023028307,
      "predictions": "[-0.09406329 -0.10117631  0.10606091 ... -0.15207536 -4.61485239\n -0.23778067]"
    },
    "compressed_features": {
      "mse": 1.1970160123583733,
      "rmse": 1.0940822694653145,
      "mae": 0.7701157950163722,
      "r2": -0.0038055728225443453,
      "predictions": "[-0.06480933 -0.06480933 -0.06480933 ... -0.00156342 -0.00404735\n -0.00404735]"
    },
    "performance_change": -0.4810451430528274,
    "performance_change_percent": -100.79741351303038
  },
  "model_info": {
    "device_used": "cuda:0",
    "cuda_available": true,
    "feature_names": [
      "open",
      "high",
      "low",
      "volume",
      "sma_5",
      "sma_10",
      "sma_20",
      "sma_50",
      "sma_100",
      "sma_200"
    ]
  }
}