{
  "timestamp": "20251031_073316",
  "data_info": {
    "original_features_count": 355,
    "compressed_dimensions": 16,
    "compression_ratio": 22.1875,
    "training_samples": 348133,
    "validation_samples": 74600,
    "test_samples": 74601
  },
  "training_info": {
    "autoencoder_epochs": 500,
    "autoencoder_final_loss": NaN,
    "lightgbm_original_iterations": 0,
    "lightgbm_compressed_iterations": 0
  },
  "performance": {
    "original_features": {
      "mse": 0.09391347038147117,
      "rmse": 0.3064530475969707,
      "mae": 0.23219240507854733,
      "r2": -0.05682367985539494,
      "predictions": "[1.81681545e-08 4.66318968e-08 6.66345860e-10 ... 1.05052950e-09\n 4.37149181e-09 8.65088251e-10]"
    },
    "compressed_features": {
      "mse": 0.11967009987787815,
      "rmse": 0.34593366398469827,
      "mae": 0.31611755327808216,
      "r2": -0.34666725452575764,
      "predictions": "[0.10445433 0.10445433 0.10445433 ... 0.10445433 0.10445433 0.10445433]"
    },
    "performance_change": -0.2898435746703627,
    "performance_change_percent": 510.075333748109
  },
  "model_info": {
    "device_used": "cuda:0",
    "cuda_available": true,
    "feature_names": [
      "open",
      "high",
      "low",
      "volume",
      "sma_5",
      "sma_10",
      "sma_20",
      "sma_50",
      "sma_100",
      "sma_200"
    ]
  }
}