{
  "strategy": "me",
  "path_efficiency_pct_at_add": {
    "note": "path_efficiency_pct = path_efficiency_pct_f 输出的历史分位 [0,1] (净位移/路径长度，因果 shift)；用于对照 ER-gated 加仓门槛",
    "signal_add_attempts": {
      "attempts": 0,
      "missing_path_efficiency_pct": 0,
      "with_feature": 0,
      "overall": {},
      "by_outcome": {}
    },
    "float_ladder_attempts": {
      "attempts": 1101,
      "missing_path_efficiency_pct": 0,
      "with_feature": 1101,
      "overall": {
        "n": 1101.0,
        "mean": 0.5038377996727549,
        "std": 0.30085827494815964,
        "min": 0.0,
        "p10": 0.08905380333951762,
        "p25": 0.23747680890538034,
        "p50": 0.4972170686456401,
        "p75": 0.7699443413729128,
        "p90": 0.9239332096474954,
        "max": 1.0
      },
      "by_outcome": {
        "constitution_reject": {
          "n": 1008.0,
          "mean": 0.5069149954354035,
          "std": 0.30060899784227324,
          "min": 0.0,
          "p10": 0.09220779220779221,
          "p25": 0.23747680890538034,
          "p50": 0.5083487940630798,
          "p75": 0.7736549165120594,
          "p90": 0.9207792207792209,
          "max": 1.0
        },
        "ok": {
          "n": 9.0,
          "mean": 0.5433931148216862,
          "std": 0.3626299651200576,
          "min": 0.027829313543599257,
          "p10": 0.0679035250463822,
          "p25": 0.3209647495361781,
          "p50": 0.47309833024118736,
          "p75": 0.9944341372912802,
          "p90": 0.9985157699443413,
          "max": 1.0
        },
        "trigger_not_met": {
          "n": 84.0,
          "mean": 0.4626733810407281,
          "std": 0.2931686907177647,
          "min": 0.012987012987012988,
          "p10": 0.08961038961038961,
          "p25": 0.21614100185528756,
          "p50": 0.43042671614100186,
          "p75": 0.6785714285714286,
          "p90": 0.9217068645640074,
          "max": 0.9981447124304267
        }
      }
    }
  }
}