{
  "strategy": "bpc",
  "path_efficiency_pct_at_add": {
    "note": "path_efficiency_pct = path_efficiency_pct_f 输出的历史分位 [0,1] (净位移/路径长度，因果 shift)；用于对照 ER-gated 加仓门槛",
    "signal_add_attempts": {
      "attempts": 0,
      "missing_path_efficiency_pct": 0,
      "with_feature": 0,
      "overall": {},
      "by_outcome": {}
    },
    "float_ladder_attempts": {
      "attempts": 127,
      "missing_path_efficiency_pct": 0,
      "with_feature": 127,
      "overall": {
        "n": 127.0,
        "mean": 0.49654507472280246,
        "std": 0.2889051036690282,
        "min": 0.02040816326530612,
        "p10": 0.125417439703154,
        "p25": 0.23098330241187384,
        "p50": 0.49165120593692024,
        "p75": 0.7569573283858998,
        "p90": 0.9120593692022264,
        "max": 0.9944341372912802
      },
      "by_outcome": {
        "constitution_reject": {
          "n": 108.0,
          "mean": 0.4721191506905792,
          "std": 0.2968460603412199,
          "min": 0.02040816326530612,
          "p10": 0.11261595547309833,
          "p25": 0.22031539888682744,
          "p50": 0.4285714285714286,
          "p75": 0.7560296846011132,
          "p90": 0.9447124304267162,
          "max": 0.9944341372912802
        },
        "ok": {
          "n": 3.0,
          "mean": 0.7625231910946196,
          "std": 0.08879575062855938,
          "min": 0.6771799628942486,
          "p10": 0.6868274582560298,
          "p25": 0.7012987012987013,
          "p50": 0.725417439703154,
          "p75": 0.8051948051948052,
          "p90": 0.8530612244897959,
          "max": 0.8849721706864564
        },
        "trigger_not_met": {
          "n": 16.0,
          "mean": 0.6115491651205937,
          "std": 0.18900486015315393,
          "min": 0.24489795918367346,
          "p10": 0.3682745825602969,
          "p25": 0.4935064935064935,
          "p50": 0.5946196660482375,
          "p75": 0.7467532467532467,
          "p90": 0.8608534322820037,
          "max": 0.9016697588126159
        }
      }
    }
  }
}