{
  "strategy": "srb",
  "path_efficiency_pct_at_add": {
    "note": "path_efficiency_pct = path_efficiency_pct_f 输出的历史分位 [0,1] (净位移/路径长度，因果 shift)；用于对照 ER-gated 加仓门槛",
    "signal_add_attempts": {
      "attempts": 0,
      "missing_path_efficiency_pct": 0,
      "with_feature": 0,
      "overall": {},
      "by_outcome": {}
    },
    "float_ladder_attempts": {
      "attempts": 992,
      "missing_path_efficiency_pct": 0,
      "with_feature": 992,
      "overall": {
        "n": 992.0,
        "mean": 0.5033963732120414,
        "std": 0.2916531467806831,
        "min": 0.0,
        "p10": 0.08738404452690168,
        "p25": 0.25510204081632654,
        "p50": 0.5102040816326531,
        "p75": 0.7481447124304268,
        "p90": 0.9035250463821892,
        "max": 1.0
      },
      "by_outcome": {
        "constitution_reject": {
          "n": 3.0,
          "mean": 0.37476808905380327,
          "std": 0.17900080096403462,
          "min": 0.13543599257884972,
          "p10": 0.19294990723562153,
          "p25": 0.2792207792207792,
          "p50": 0.4230055658627087,
          "p75": 0.49443413729128016,
          "p90": 0.537291280148423,
          "max": 0.5658627087198516
        },
        "ok": {
          "n": 8.0,
          "mean": 0.7824675324675325,
          "std": 0.17763772956735324,
          "min": 0.5343228200371057,
          "p10": 0.5395176252319109,
          "p25": 0.6447124304267161,
          "p50": 0.7894248608534322,
          "p75": 0.9554730983302412,
          "p90": 0.9899814471243042,
          "max": 0.9925788497217068
        },
        "srb_policy_regime_bucket": {
          "n": 800.0,
          "mean": 0.4592996289424861,
          "std": 0.2894721971051185,
          "min": 0.0,
          "p10": 0.06846011131725419,
          "p25": 0.2036178107606679,
          "p50": 0.45083487940630795,
          "p75": 0.6938775510204082,
          "p90": 0.8831168831168831,
          "max": 1.0
        },
        "srb_policy_volume_compression": {
          "n": 178.0,
          "mean": 0.6857580621625565,
          "std": 0.2181660635556596,
          "min": 0.09276437847866419,
          "p10": 0.37680890538033396,
          "p25": 0.533395176252319,
          "p50": 0.7115027829313543,
          "p75": 0.884508348794063,
          "p90": 0.9499072356215214,
          "max": 1.0
        },
        "trigger_not_met": {
          "n": 3.0,
          "mean": 0.8268398268398269,
          "std": 0.14530059290879146,
          "min": 0.640074211502783,
          "p10": 0.6812615955473099,
          "p25": 0.7430426716141002,
          "p50": 0.8460111317254174,
          "p75": 0.9202226345083488,
          "p90": 0.9647495361781077,
          "max": 0.9944341372912802
        }
      }
    }
  }
}