{
  "timestamp_start": "20251031_093030",
  "timestamp_end": "20251031_093458",
  "duration_sec": 268.025713,
  "data_info": {
    "original_features_count": 355,
    "compressed_dimensions": 16,
    "compression_ratio": 22.1875,
    "training_samples": 18344,
    "validation_samples": 3931,
    "test_samples": 3931
  },
  "training_info": {
    "autoencoder_epochs": 500,
    "autoencoder_final_loss": NaN,
    "lightgbm_original_iterations": 0,
    "lightgbm_compressed_iterations": 0
  },
  "performance": {
    "original_features": {
      "mse": 1.205783047142769,
      "rmse": 1.09808153028032,
      "mae": 0.7812655163831157,
      "r2": -0.01115751989998337,
      "predictions": "[1. 1. 0. ... 0. 0. 0.]"
    },
    "compressed_features": {
      "mse": 1.468294148533439,
      "rmse": 1.2117318798040428,
      "mae": 0.8997966849839993,
      "r2": -0.2312966857784482,
      "predictions": "[0.49258613 0.49258613 0.49258613 ... 0.49258613 0.49258613 0.49258613]"
    },
    "performance_change": -0.22013916587846483,
    "performance_change_percent": 1973.0116356663898
  },
  "model_info": {
    "device_used": "cuda:0",
    "cuda_available": true,
    "feature_names": [
      "open",
      "high",
      "low",
      "volume",
      "sma_5",
      "sma_10",
      "sma_20",
      "sma_50",
      "sma_100",
      "sma_200"
    ]
  }
}